CustomerID,Gender,Age
17850,F,0-17
13047,M,55+
12583,M,26-35
13748,M,46-50
15100,M,26-35
15291,F,51-55
14688,M,36-45
17809,M,26-35
15311,M,26-35
14527,F,36-45
16098,F,26-35
18074,M,26-35
17420,M,46-50
16029,M,36-45
16250,M,26-35
12431,F,36-45
17511,M,51-55
17548,F,18-25
13705,M,0-17
13747,M,18-25
13408,M,18-25
13767,M,36-45
17924,F,26-35
13448,M,18-25
15862,M,26-35
15513,M,26-35
12791,F,26-35
16218,M,36-45
14045,F,36-45
14307,M,55+
17908,F,26-35
17920,M,46-50
12838,F,18-25
13255,M,46-50
16583,M,26-35
18085,F,26-35
13758,M,18-25
13694,F,18-25
15983,M,26-35
14849,M,26-35
17968,M,46-50
16210,F,46-50
17897,M,18-25
17377,M,18-25
16552,M,26-35
17181,M,18-25
17951,F,26-35
14729,F,0-17
12748,M,18-25
15012,M,26-35
12868,M,51-55
17572,M,36-45
14078,M,18-25
14001,M,26-35
12662,F,51-55
15525,M,51-55
14237,M,26-35
17905,F,36-45
15485,M,18-25
12433,M,18-25
16955,M,36-45
15350,M,26-35
15605,F,51-55
18144,M,18-25
15922,F,26-35
14594,M,18-25
15165,M,26-35
14911,F,46-50
16456,M,18-25
17841,M,36-45
12472,F,0-17
17346,M,36-45
17643,M,18-25
17873,F,46-50
13093,F,46-50
12921,M,55+
13468,F,26-35
17760,M,26-35
16928,F,26-35
16048,M,18-25
16274,M,18-25
14496,F,0-17
14696,M,26-35
16539,F,46-50
17025,F,55+
13777,M,55+
17690,M,36-45
12947,F,18-25
17460,M,26-35
18229,M,26-35
14142,M,46-50
17069,F,26-35
13065,F,36-45
14606,F,0-17
16835,M,36-45
15235,F,18-25
13576,M,36-45
18011,M,46-50
13090,M,46-50
15694,F,36-45
14741,M,46-50
13715,M,26-35
14092,M,46-50
17732,M,26-35
12855,M,36-45
15752,M,26-35
17855,M,18-25
14047,F,26-35
17925,M,26-35
13941,M,26-35
17017,M,36-45
14135,F,0-17
13108,M,26-35
12471,M,36-45
15601,F,18-25
13418,M,36-45
14766,M,55+
15658,M,46-50
14388,M,18-25
14901,F,46-50
18041,M,55+
15955,M,26-35
15070,M,36-45
16244,M,18-25
15111,M,26-35
14390,F,26-35
16546,M,26-35
15260,M,18-25
13305,M,18-25
14491,F,46-50
14060,M,18-25
15923,F,26-35
16752,F,36-45
17287,M,26-35
15363,M,18-25
12915,M,18-25
15544,F,36-45
15738,M,18-25
16042,M,51-55
17381,M,26-35
15827,M,36-45
14180,F,26-35
13117,M,18-25
16916,M,0-17
17964,M,51-55
14466,M,36-45
17235,F,46-50
16510,M,36-45
17802,M,55+
15107,F,46-50
17976,M,36-45
14449,M,46-50
15838,F,18-25
16781,M,18-25
17547,M,18-25
13491,M,18-25
16186,M,26-35
17685,M,26-35
17581,F,51-55
15732,M,26-35
13138,M,26-35
15823,M,26-35
17567,F,26-35
15061,F,18-25
16203,M,51-55
15640,M,55+
15574,M,26-35
16770,M,46-50
17838,M,18-25
17228,M,18-25
14829,F,46-50
17412,F,26-35
14031,M,46-50
14775,M,18-25
12971,F,46-50
15834,M,55+
17659,M,26-35
15299,M,18-25
15646,M,18-25
13958,F,46-50
14443,F,0-17
14156,M,26-35
16995,F,36-45
13402,M,18-25
18168,M,26-35
17757,M,18-25
14625,F,18-25
13011,F,36-45
13798,M,18-25
15384,F,18-25
14264,M,26-35
13295,M,36-45
16754,M,26-35
16634,M,36-45
18239,M,36-45
14576,F,0-17
13145,M,46-50
14395,M,26-35
14865,M,18-25
15093,M,36-45
12738,M,46-50
16150,M,18-25
17552,M,36-45
14236,F,26-35
17961,M,26-35
14573,F,26-35
17135,M,26-35
17396,M,26-35
14213,M,26-35
12967,M,36-45
12686,M,26-35
14679,M,18-25
15240,M,46-50
18225,M,26-35
13370,M,26-35
16883,F,46-50
13520,M,36-45
12841,M,26-35
16905,M,26-35
12427,M,26-35
17967,F,51-55
16891,M,18-25
14589,M,51-55
14680,F,18-25
17884,M,26-35
12557,M,51-55
14083,M,36-45
13013,F,18-25
14210,F,18-25
16477,M,36-45
12600,M,55+
16013,M,26-35
17949,F,26-35
12779,M,36-45
16926,M,36-45
17787,M,46-50
12682,M,18-25
14723,M,26-35
17954,M,26-35
17819,M,18-25
12712,M,26-35
15373,F,26-35
16140,F,26-35
17198,M,36-45
17238,F,36-45
12793,M,36-45
15769,M,46-50
14396,F,18-25
14898,M,26-35
12725,M,51-55
16725,M,18-25
12395,M,18-25
16455,M,18-25
13081,M,18-25
15545,M,26-35
17243,M,46-50
15465,M,46-50
15708,M,26-35
13089,M,51-55
16033,F,36-45
13838,M,26-35
15351,M,26-35
18055,F,36-45
15038,M,51-55
18109,F,26-35
13069,M,36-45
16241,M,36-45
14800,M,55+
16839,M,18-25
16168,M,51-55
16931,M,18-25
16814,F,18-25
13269,M,26-35
14813,M,26-35
12567,M,18-25
17062,M,18-25
15332,M,26-35
14810,M,26-35
16353,F,18-25
18118,M,18-25
13831,M,51-55
13506,M,26-35
17796,M,26-35
15716,F,18-25
18156,M,18-25
15221,F,51-55
16983,F,18-25
17059,F,55+
16327,F,55+
17211,M,55+
17026,F,55+
15570,F,51-55
15880,M,36-45
16718,M,18-25
15808,M,55+
17858,M,46-50
16393,M,36-45
14161,F,51-55
17863,M,51-55
16411,M,36-45
16402,M,36-45
15023,M,36-45
17402,M,55+
15426,M,26-35
12647,M,51-55
15894,M,36-45
15867,F,55+
14506,M,36-45
15555,M,18-25
13034,M,18-25
15889,M,36-45
15953,M,51-55
16143,F,26-35
12720,M,18-25
16422,F,36-45
12747,M,36-45
15502,M,26-35
12763,F,26-35
14081,F,55+
17965,M,51-55
14404,M,0-17
13579,M,46-50
13174,M,18-25
15987,M,18-25
17677,F,36-45
13652,M,36-45
12586,M,18-25
17428,M,55+
16161,M,18-25
16858,M,26-35
18219,M,36-45
14293,M,36-45
14748,M,18-25
16638,F,18-25
17674,M,51-55
12808,M,26-35
13094,M,36-45
15899,M,18-25
12708,M,18-25
15898,F,18-25
17691,F,36-45
17227,M,26-35
15039,M,36-45
15919,M,26-35
13497,F,36-45
15860,M,26-35
14189,M,36-45
15304,F,36-45
14867,F,26-35
14344,M,26-35
12474,M,26-35
16719,M,26-35
15048,F,36-45
15301,F,26-35
14708,M,26-35
16898,M,26-35
14825,M,46-50
18113,M,18-25
17596,M,36-45
15078,M,18-25
14085,M,26-35
17860,M,36-45
13155,M,26-35
15028,F,36-45
16919,F,18-25
17259,M,18-25
17019,M,26-35
14487,M,18-25
16722,M,55+
15882,M,26-35
14667,M,26-35
16710,M,18-25
16550,F,26-35
15984,F,46-50
17682,M,36-45
16658,M,26-35
17068,M,26-35
15356,F,36-45
17223,M,46-50
16817,F,26-35
13030,F,26-35
17191,M,18-25
15194,M,36-45
14409,F,46-50
16654,M,55+
16861,M,18-25
16138,M,26-35
13481,M,26-35
13495,M,18-25
17519,M,18-25
17218,F,18-25
17812,M,18-25
14215,M,51-55
15602,F,46-50
17320,M,26-35
16782,M,18-25
12913,M,36-45
17869,M,18-25
13564,M,36-45
14850,M,26-35
15021,M,26-35
13963,M,55+
17450,M,46-50
17091,F,51-55
17470,F,46-50
17616,M,26-35
15649,M,26-35
12681,M,46-50
14907,M,55+
17735,M,51-55
16059,M,18-25
17720,M,26-35
15018,M,36-45
14733,M,18-25
13756,M,51-55
14176,F,18-25
13319,M,46-50
15353,M,51-55
18119,M,18-25
17491,M,26-35
14282,F,18-25
13569,M,18-25
15498,M,26-35
14673,F,36-45
13488,F,0-17
16221,M,36-45
15002,F,0-17
15965,M,36-45
15024,F,18-25
17675,M,26-35
13769,M,36-45
16904,M,36-45
16086,M,51-55
13786,M,26-35
13880,F,18-25
13173,M,46-50
15858,M,26-35
15180,M,18-25
12347,F,0-17
14739,M,55+
16293,F,36-45
17419,M,0-17
16775,M,26-35
16306,M,51-55
16950,M,18-25
17591,M,36-45
12839,F,26-35
13807,F,18-25
16125,M,26-35
15081,M,36-45
18102,M,36-45
16365,M,26-35
17870,M,36-45
14821,M,26-35
16863,F,26-35
13078,M,26-35
13267,M,26-35
13050,M,18-25
12709,F,46-50
15628,M,26-35
12386,M,26-35
14796,M,26-35
16779,F,55+
13599,F,26-35
13329,F,36-45
18077,F,36-45
14744,F,36-45
17406,M,26-35
15750,M,51-55
13983,M,18-25
13842,M,36-45
12441,M,46-50
13199,M,36-45
14032,M,26-35
17706,F,18-25
16081,M,26-35
16525,M,26-35
14952,M,26-35
17975,M,36-45
16122,M,26-35
13126,M,26-35
15973,M,18-25
16558,F,18-25
16713,M,26-35
16893,M,36-45
15529,M,36-45
18043,F,26-35
16016,M,36-45
17722,F,36-45
17324,M,26-35
17341,M,46-50
14051,M,36-45
15916,M,51-55
16233,M,26-35
16385,M,26-35
15032,M,18-25
17213,F,26-35
18061,M,55+
13113,M,46-50
16553,M,26-35
13455,M,46-50
14217,M,26-35
17262,M,26-35
14299,M,36-45
18259,F,51-55
17676,F,18-25
16679,M,26-35
18269,M,51-55
12766,F,36-45
15298,M,26-35
18193,M,26-35
13523,F,46-50
12870,M,36-45
15005,M,26-35
15581,M,0-17
15680,M,51-55
13649,M,18-25
17894,F,26-35
13270,F,26-35
14618,M,18-25
14866,M,36-45
13077,M,26-35
13115,F,26-35
13531,M,18-25
13848,F,36-45
13140,M,26-35
15713,M,18-25
17999,F,51-55
15347,F,55+
17340,M,26-35
13984,F,26-35
15996,M,36-45
14030,M,36-45
16252,M,51-55
16596,M,36-45
16700,F,18-25
16011,F,55+
17655,F,26-35
16717,M,46-50
14243,F,18-25
12963,F,0-17
15079,M,18-25
14437,M,26-35
12942,M,26-35
15660,M,36-45
18092,M,51-55
15358,M,36-45
12481,M,51-55
12721,M,26-35
12621,F,26-35
18071,M,26-35
12683,F,18-25
12755,M,18-25
13854,M,26-35
12797,M,26-35
13369,M,26-35
12494,F,36-45
17857,M,18-25
17411,M,51-55
14932,F,36-45
12429,F,0-17
14987,F,36-45
14355,M,36-45
17526,M,46-50
14896,M,26-35
14440,F,0-17
13240,M,55+
14479,M,18-25
16065,M,36-45
17430,M,26-35
16520,M,46-50
15945,F,36-45
15181,M,26-35
15856,M,26-35
13102,M,36-45
14205,M,36-45
17702,M,36-45
15271,F,26-35
13982,M,26-35
15288,M,26-35
17978,M,36-45
16795,M,18-25
16519,M,51-55
17816,F,26-35
13021,F,46-50
16255,F,51-55
17671,F,26-35
17646,F,26-35
12649,M,46-50
16350,M,18-25
12872,F,26-35
17339,M,36-45
18230,F,18-25
16499,M,26-35
17097,F,26-35
15192,M,26-35
14441,M,26-35
15279,M,18-25
16579,M,26-35
15380,M,26-35
17442,M,26-35
17950,M,18-25
12826,M,51-55
17456,M,26-35
17307,M,36-45
15811,M,26-35
13327,M,36-45
17700,M,26-35
13136,M,26-35
15535,M,26-35
12605,M,18-25
15329,F,26-35
15211,M,55+
15596,F,51-55
16163,M,26-35
16907,M,36-45
17576,F,26-35
14713,M,18-25
14702,F,18-25
13230,M,18-25
13969,M,51-55
17530,F,18-25
15805,M,36-45
17696,F,36-45
17076,M,26-35
17827,M,36-45
16265,M,36-45
17880,M,26-35
13000,M,18-25
17790,M,26-35
12731,M,26-35
14419,M,26-35
14082,M,36-45
17912,M,18-25
15723,M,18-25
16656,M,26-35
14037,M,18-25
14256,M,0-17
14543,M,18-25
16062,F,36-45
18116,M,26-35
16019,M,26-35
18178,M,51-55
18065,M,55+
13148,F,26-35
12989,M,36-45
14107,M,26-35
15881,M,36-45
12785,M,26-35
16727,M,46-50
15514,M,26-35
13787,M,36-45
17865,M,26-35
17220,M,26-35
16565,M,18-25
16873,M,0-17
14062,M,18-25
15179,M,36-45
18016,M,26-35
14448,M,26-35
15503,M,18-25
17251,F,0-17
16923,M,26-35
14159,F,18-25
17126,M,26-35
15224,M,36-45
14577,F,36-45
12753,F,26-35
17236,F,26-35
17372,M,0-17
16367,M,36-45
12875,F,36-45
17917,M,36-45
16010,M,26-35
17085,M,36-45
13668,F,55+
14684,M,55+
17188,M,18-25
15547,M,0-17
15998,M,18-25
14413,M,26-35
18004,F,26-35
13959,M,26-35
16665,M,46-50
15454,M,18-25
15044,F,51-55
17937,M,18-25
14608,M,26-35
17618,M,18-25
14505,M,0-17
18037,F,26-35
13198,M,18-25
12540,M,18-25
13225,M,26-35
15361,M,26-35
15689,M,26-35
14290,M,18-25
13209,M,26-35
13999,M,18-25
14498,M,26-35
15854,M,18-25
16701,M,36-45
16927,M,26-35
17990,F,36-45
14544,M,51-55
17338,F,36-45
17231,M,51-55
17799,F,51-55
14565,F,26-35
16726,F,26-35
17303,F,26-35
14639,M,26-35
17611,M,18-25
17179,M,26-35
17524,M,36-45
12476,M,36-45
17293,M,18-25
17890,M,26-35
17375,M,26-35
17371,M,26-35
17969,M,51-55
15159,M,26-35
13211,M,18-25
15777,F,18-25
14525,M,46-50
13324,M,18-25
13802,M,18-25
13948,M,36-45
13008,M,36-45
14206,M,18-25
16202,F,26-35
16442,M,26-35
18075,M,36-45
15468,M,55+
16570,F,36-45
14524,M,46-50
18141,M,18-25
12434,M,0-17
16810,M,36-45
14961,M,18-25
17041,M,36-45
16458,F,36-45
16083,M,55+
16262,M,26-35
17194,M,55+
14057,M,51-55
14871,M,26-35
13178,F,26-35
18044,F,18-25
16812,M,26-35
16191,M,26-35
12370,F,18-25
14298,M,26-35
17158,F,26-35
14415,M,26-35
16899,M,26-35
16531,M,36-45
17404,M,18-25
16556,M,26-35
16805,M,26-35
16503,F,26-35
17739,F,18-25
13238,F,46-50
12829,M,36-45
13097,M,36-45
12867,M,26-35
15392,M,18-25
13846,M,26-35
14401,M,36-45
16145,M,26-35
17629,F,26-35
14150,M,46-50
13496,M,51-55
13611,M,18-25
16954,F,26-35
17454,M,0-17
17449,M,51-55
17230,M,55+
12865,M,0-17
15950,M,26-35
15512,M,18-25
17525,M,36-45
13458,M,18-25
14426,M,18-25
16003,F,36-45
13092,M,0-17
13426,M,36-45
15101,F,55+
17033,F,55+
13221,F,0-17
14201,M,46-50
17692,M,18-25
15822,M,26-35
16134,M,36-45
17551,M,18-25
18050,M,51-55
14913,M,18-25
12666,M,26-35
15641,M,26-35
13124,F,26-35
17214,F,55+
15456,F,55+
15062,M,55+
12928,M,36-45
15727,F,46-50
17980,M,0-17
15290,F,51-55
17752,M,46-50
15615,F,51-55
12577,M,51-55
17044,F,36-45
13829,M,26-35
17633,F,36-45
13266,M,26-35
17820,M,51-55
15664,F,46-50
17189,F,36-45
17496,M,18-25
16607,M,26-35
13317,M,55+
13890,M,26-35
17001,M,51-55
15246,F,36-45
16996,M,0-17
15482,F,26-35
16037,F,55+
14841,M,26-35
16670,M,26-35
16985,F,55+
16705,F,36-45
16470,M,46-50
14414,F,36-45
15563,M,18-25
12980,M,26-35
16746,F,26-35
14878,M,0-17
16743,F,46-50
17146,M,36-45
12877,M,46-50
15394,M,51-55
14621,M,36-45
15379,M,46-50
14309,M,55+
17288,M,51-55
14709,F,26-35
15157,F,51-55
17744,M,36-45
16316,M,36-45
15620,M,36-45
15789,M,51-55
16560,M,0-17
13534,M,18-25
17580,M,26-35
14777,M,26-35
15759,M,55+
14373,F,18-25
18176,M,51-55
15366,F,26-35
14735,M,26-35
16271,M,26-35
18223,M,46-50
15532,F,26-35
16816,M,36-45
16684,M,36-45
14334,M,36-45
16945,M,26-35
14643,M,18-25
15197,M,0-17
14220,M,26-35
13874,M,26-35
18260,F,26-35
17848,F,26-35
17392,M,51-55
12348,M,26-35
14985,F,55+
13004,F,36-45
14560,M,51-55
12931,M,51-55
13627,M,18-25
12551,F,26-35
12782,F,36-45
14769,M,26-35
15780,F,18-25
12417,M,26-35
17315,M,0-17
16711,M,46-50
12726,M,26-35
15204,F,26-35
17888,M,51-55
17007,M,26-35
15160,M,26-35
14016,M,36-45
13033,M,18-25
12691,M,36-45
13869,M,51-55
14146,M,26-35
12705,M,26-35
16885,F,36-45
17913,M,55+
12668,M,36-45
14472,M,55+
17358,M,36-45
16686,M,18-25
18245,M,36-45
17343,M,36-45
18256,M,26-35
16153,M,55+
12377,F,36-45
14646,M,26-35
12944,F,46-50
15312,M,18-25
14099,F,46-50
14113,M,26-35
13104,M,26-35
17204,M,36-45
13027,M,51-55
17621,M,26-35
17090,M,18-25
14119,M,36-45
15527,M,46-50
18097,F,55+
15460,F,36-45
15034,M,26-35
12423,M,46-50
12678,M,36-45
15208,F,51-55
17306,M,26-35
14737,F,0-17
13029,M,18-25
16270,M,36-45
13487,M,46-50
12515,M,26-35
17400,F,26-35
17593,F,36-45
13953,M,36-45
14533,M,0-17
12734,M,36-45
14944,M,0-17
17239,M,46-50
14532,M,26-35
12383,F,26-35
15562,M,18-25
15587,M,46-50
13922,M,51-55
13817,M,36-45
12585,M,26-35
13165,F,26-35
13304,M,46-50
13313,M,36-45
16875,F,18-25
16282,M,26-35
12957,M,51-55
14462,F,36-45
13397,F,26-35
13680,M,46-50
12483,F,26-35
15164,F,26-35
17457,M,26-35
14732,F,46-50
14221,M,26-35
14553,M,18-25
13253,M,55+
17389,M,0-17
12578,M,18-25
15841,M,26-35
16112,F,0-17
13629,M,36-45
16600,M,26-35
15661,M,18-25
16532,F,18-25
15266,M,51-55
14653,F,18-25
16771,M,0-17
17585,M,18-25
15046,M,36-45
13082,M,26-35
15464,M,26-35
18226,M,36-45
18062,M,18-25
12415,F,46-50
12503,M,36-45
17368,M,18-25
14258,F,51-55
15719,M,55+
13368,M,18-25
17634,F,55+
16676,F,51-55
16424,M,18-25
18283,M,18-25
12735,F,18-25
13764,M,26-35
13656,M,18-25
12413,M,51-55
14312,M,36-45
13280,M,18-25
15845,M,55+
16094,M,55+
13187,M,26-35
16567,F,18-25
14828,M,55+
12530,M,26-35
16551,M,26-35
16889,M,36-45
16473,M,18-25
13750,M,55+
12501,M,18-25
15607,M,18-25
15139,M,18-25
12489,M,51-55
17707,F,36-45
18198,M,18-25
12484,M,18-25
18179,M,26-35
17284,F,46-50
13233,F,26-35
14889,M,18-25
12480,M,51-55
14672,M,51-55
13593,F,18-25
13162,M,26-35
13183,M,36-45
17095,M,26-35
12939,F,26-35
15611,M,26-35
17114,M,18-25
15059,M,18-25
16326,M,26-35
17128,F,51-55
14761,F,36-45
17555,M,18-25
12651,M,18-25
16735,M,26-35
16833,F,36-45
17800,M,0-17
16748,F,26-35
14755,M,26-35
16549,M,55+
13565,F,26-35
15799,M,26-35
18032,M,55+
13451,F,26-35
14794,F,26-35
12539,F,18-25
12500,F,26-35
18171,M,55+
16279,F,26-35
12524,M,55+
17811,M,51-55
16850,F,51-55
14321,M,36-45
15326,M,0-17
17849,M,36-45
13672,F,26-35
14229,F,36-45
13107,M,18-25
16497,F,0-17
16303,M,46-50
15281,M,26-35
12736,M,46-50
13473,F,36-45
14320,M,26-35
12393,F,26-35
17742,F,0-17
16351,F,18-25
12601,M,0-17
13144,M,51-55
15346,M,18-25
15370,M,36-45
12643,F,26-35
14295,M,26-35
16034,F,55+
17365,F,51-55
15189,M,26-35
14669,M,36-45
18095,M,26-35
15518,M,18-25
15749,F,51-55
14209,M,55+
15569,M,36-45
12728,M,26-35
17569,M,26-35
13784,M,55+
12724,M,26-35
13862,M,0-17
16791,M,18-25
16235,M,36-45
14270,M,26-35
12665,M,51-55
12523,M,46-50
16655,M,18-25
16359,M,51-55
16554,M,26-35
12359,M,26-35
15939,M,26-35
14587,F,18-25
14715,F,46-50
14185,M,18-25
12437,F,26-35
14040,F,26-35
12652,M,18-25
14514,F,36-45
15171,F,26-35
14167,M,0-17
17048,F,36-45
17364,M,36-45
13284,M,26-35
16500,M,18-25
12951,M,36-45
15835,F,36-45
18190,M,36-45
13993,M,51-55
14114,M,26-35
15447,M,55+
16315,F,36-45
14978,F,18-25
16395,M,26-35
15510,M,26-35
13614,F,18-25
13246,M,46-50
15687,M,36-45
16493,M,26-35
12490,M,18-25
12672,M,26-35
13385,M,0-17
15626,M,26-35
12553,F,18-25
15213,M,26-35
14175,M,26-35
18106,M,51-55
15033,F,55+
14329,M,26-35
16401,F,46-50
16206,M,18-25
13782,M,36-45
12924,M,46-50
16593,M,51-55
13700,M,36-45
13064,F,18-25
13048,M,18-25
18069,M,36-45
13634,M,0-17
16843,M,26-35
17064,F,18-25
17609,M,46-50
15673,M,36-45
12626,M,36-45
14976,F,51-55
12388,F,36-45
13527,M,46-50
15696,F,36-45
15316,M,26-35
12673,M,26-35
15296,F,51-55
17988,F,36-45
12820,M,0-17
13001,M,26-35
14101,M,36-45
14238,M,26-35
17730,M,0-17
13929,F,26-35
14657,M,18-25
13859,M,26-35
18212,M,26-35
14292,M,46-50
13883,M,26-35
18233,M,55+
17018,M,18-25
14242,M,26-35
12356,M,18-25
12346,F,18-25
13898,M,36-45
16948,M,51-55
16997,M,46-50
12527,F,26-35
15395,M,26-35
12510,F,26-35
13693,M,55+
13263,F,36-45
14428,M,36-45
12451,M,26-35
12422,F,26-35
17708,M,0-17
14090,M,36-45
15606,M,18-25
15831,M,46-50
13310,M,26-35
14916,M,26-35
17602,M,51-55
14572,M,36-45
13502,F,51-55
14784,M,55+
15938,M,26-35
12637,M,36-45
17418,M,26-35
14779,M,18-25
16321,M,36-45
15262,M,36-45
17862,F,26-35
16892,F,26-35
12402,M,36-45
17771,F,18-25
15422,F,0-17
14770,M,51-55
16912,F,36-45
15174,F,26-35
14895,M,36-45
12594,M,0-17
17504,F,26-35
16387,F,46-50
12664,F,18-25
16618,M,46-50
17277,M,36-45
14088,M,36-45
17094,M,26-35
14692,F,26-35
12970,M,36-45
17889,F,46-50
17644,F,0-17
17714,M,0-17
12916,M,26-35
17769,M,26-35
14450,M,36-45
16085,F,51-55
13659,M,0-17
15167,F,26-35
15443,M,51-55
14224,F,46-50
13742,F,46-50
17673,M,36-45
12727,F,46-50
14068,M,0-17
13068,M,18-25
14368,F,26-35
15497,M,18-25
12559,F,26-35
13819,F,26-35
14501,F,51-55
14782,M,55+
17861,M,26-35
14439,M,36-45
18161,M,36-45
15820,M,46-50
18136,M,18-25
16660,M,26-35
12693,F,26-35
12625,M,36-45
13396,F,55+
12935,M,18-25
16730,M,26-35
14541,F,18-25
13551,M,18-25
12421,F,26-35
15797,M,51-55
15052,M,55+
14130,M,26-35
15222,F,36-45
13615,M,26-35
13901,M,18-25
13158,M,51-55
14257,M,36-45
15218,M,26-35
15110,M,18-25
14534,M,18-25
15967,M,46-50
16757,M,36-45
12854,M,18-25
13815,M,18-25
18008,F,0-17
18277,M,36-45
14389,M,26-35
13703,M,36-45
15339,M,0-17
12744,M,18-25
16222,M,26-35
14341,F,46-50
13168,F,36-45
16943,M,18-25
17515,M,36-45
17082,F,18-25
14248,F,0-17
12609,F,51-55
13002,M,51-55
16133,M,18-25
13049,M,36-45
14548,M,36-45
13405,M,36-45
14049,M,18-25
16043,M,36-45
15812,F,26-35
13837,M,36-45
17118,M,18-25
14616,F,26-35
14233,M,36-45
17075,M,18-25
16714,M,36-45
13098,M,18-25
17027,F,46-50
12591,M,26-35
17786,M,0-17
16124,F,26-35
16409,F,18-25
13754,F,46-50
15227,M,51-55
12997,M,36-45
15215,M,51-55
16918,M,18-25
16882,M,26-35
14442,M,0-17
16496,M,55+
12764,M,18-25
17311,M,26-35
15910,M,26-35
16949,M,26-35
14970,F,26-35
14701,F,18-25
12645,M,0-17
12468,F,51-55
16767,M,26-35
14738,M,36-45
17540,M,26-35
14239,M,18-25
18125,M,26-35
13328,F,26-35
15549,M,26-35
15864,M,36-45
14662,F,36-45
17180,M,51-55
15057,M,18-25
12574,M,26-35
13330,M,26-35
13552,M,18-25
12853,M,26-35
13538,M,51-55
16755,M,18-25
14133,M,0-17
16523,M,26-35
14659,M,26-35
13141,M,18-25
15365,M,26-35
13707,M,18-25
13709,M,51-55
17329,M,26-35
14805,M,36-45
16897,M,0-17
15579,F,26-35
14595,M,36-45
13161,M,26-35
15415,F,36-45
17431,M,18-25
17463,M,26-35
14502,F,26-35
12528,M,18-25
15448,M,18-25
17314,M,26-35
17373,F,26-35
18145,M,26-35
14467,M,18-25
12908,F,26-35
15144,M,55+
14776,M,18-25
16403,M,26-35
16407,M,26-35
17619,M,18-25
12778,M,46-50
17256,F,18-25
17604,F,36-45
14006,M,26-35
13600,M,46-50
15058,M,55+
17147,M,18-25
13881,M,26-35
16612,M,26-35
14627,M,26-35
17356,M,26-35
12477,M,55+
12836,M,36-45
13939,M,18-25
16745,M,26-35
13606,M,46-50
13494,F,26-35
12929,F,36-45
16419,F,18-25
17035,M,18-25
15203,F,18-25
16515,F,26-35
12373,F,18-25
18202,M,18-25
12775,F,0-17
14549,M,51-55
15981,M,46-50
16110,M,26-35
17376,F,55+
13110,M,18-25
16716,M,26-35
12676,F,26-35
15940,M,26-35
15971,F,51-55
14665,F,46-50
14457,M,55+
15589,M,18-25
14411,M,26-35
17560,F,18-25
15226,M,18-25
14460,M,36-45
16156,M,26-35
13728,M,55+
14127,M,46-50
16378,F,26-35
13894,M,26-35
13824,M,26-35
18250,M,36-45
15270,M,51-55
14188,M,36-45
18017,M,26-35
15421,F,36-45
17446,M,36-45
12414,M,26-35
14798,M,36-45
12990,M,26-35
12350,M,36-45
16992,M,26-35
17337,F,26-35
16405,F,26-35
17071,F,18-25
13873,F,36-45
17362,M,46-50
13394,M,26-35
12502,F,36-45
16333,M,26-35
16030,M,26-35
14044,M,26-35
13800,M,18-25
17672,M,36-45
12464,M,26-35
13581,M,26-35
14540,M,51-55
13539,M,51-55
15885,M,26-35
14497,M,18-25
17507,M,51-55
13208,M,26-35
17334,M,46-50
13871,M,18-25
16938,M,18-25
12754,M,18-25
12410,M,18-25
17929,M,46-50
14778,F,51-55
17517,M,26-35
17226,F,55+
13137,M,26-35
13725,F,26-35
13309,M,55+
12842,M,26-35
16109,M,36-45
17291,M,26-35
15090,M,51-55
15199,M,46-50
13911,M,18-25
14194,F,18-25
14842,M,26-35
13584,M,18-25
17105,M,51-55
14438,M,18-25
12956,M,26-35
15781,M,26-35
14410,F,46-50
14600,M,18-25
17302,M,26-35
17613,F,46-50
13334,F,36-45
13955,F,18-25
17162,F,26-35
17774,M,18-25
13809,M,46-50
15407,M,26-35
15577,M,51-55
16332,M,36-45
14048,F,26-35
14475,F,55+
17859,M,36-45
12576,M,26-35
15753,M,0-17
12599,F,26-35
14562,M,18-25
16951,M,18-25
16998,F,18-25
13133,M,26-35
17881,M,26-35
15843,M,18-25
17083,M,26-35
15970,F,26-35
13590,M,18-25
17537,M,36-45
12401,M,36-45
12462,M,26-35
17843,F,18-25
13706,F,26-35
17940,M,36-45
17686,M,26-35
14431,M,26-35
15809,M,26-35
12561,M,36-45
14465,F,18-25
18093,F,26-35
16027,M,26-35
12857,F,26-35
16425,M,18-25
16842,M,18-25
15796,M,26-35
14555,F,18-25
15114,M,26-35
15133,M,51-55
17705,M,26-35
18087,M,18-25
12897,F,18-25
17512,M,26-35
15550,M,26-35
14676,M,26-35
12505,M,26-35
18159,M,26-35
14304,F,51-55
15638,M,18-25
12943,M,18-25
13875,M,18-25
15406,M,18-25
18084,M,36-45
17282,M,36-45
16434,M,18-25
17050,M,26-35
13171,M,36-45
17472,M,18-25
17255,M,26-35
16084,F,18-25
17667,M,18-25
12507,M,18-25
14631,M,46-50
13381,M,18-25
15236,M,55+
13475,M,36-45
17829,M,36-45
13717,M,55+
13157,M,55+
14644,M,36-45
12993,M,26-35
17571,M,36-45
16979,M,36-45
16738,M,46-50
15122,M,26-35
17612,M,26-35
17348,M,51-55
13893,M,26-35
14035,M,51-55
13623,M,36-45
14346,M,26-35
16431,M,36-45
12616,M,18-25
16317,F,18-25
14935,F,26-35
16073,M,26-35
14477,F,26-35
14760,M,26-35
14897,F,26-35
15810,M,36-45
16509,M,26-35
14386,M,36-45
12455,M,18-25
14530,M,18-25
15670,F,46-50
12653,M,26-35
16126,M,46-50
14609,M,26-35
13414,M,36-45
12823,M,26-35
12352,M,26-35
12372,M,26-35
16494,M,26-35
14959,M,26-35
16148,M,18-25
17422,M,18-25
17175,M,36-45
18257,F,36-45
12362,M,46-50
13018,M,18-25
13718,M,18-25
15382,M,46-50
14754,M,18-25
13151,M,46-50
12654,M,0-17
13085,M,26-35
15903,M,18-25
15785,F,26-35
18138,M,26-35
14379,M,26-35
14211,M,18-25
14371,M,51-55
13425,M,36-45
12852,M,46-50
15228,M,36-45
13012,F,26-35
16182,M,18-25
13489,M,26-35
12714,M,26-35
13904,M,18-25
15755,M,18-25
13932,M,18-25
13799,F,18-25
13951,F,26-35
16765,M,51-55
18172,F,26-35
16566,F,36-45
12891,M,0-17
16466,F,36-45
16115,M,36-45
14162,M,0-17
13301,F,36-45
14803,M,26-35
13744,F,26-35
12988,F,36-45
17323,F,18-25
12707,M,26-35
18094,M,46-50
15129,F,26-35
17361,M,18-25
18155,M,18-25
15321,M,18-25
13477,F,18-25
15065,M,18-25
16980,M,36-45
15146,M,26-35
12365,M,26-35
13410,M,26-35
13044,M,36-45
16441,M,18-25
16014,M,18-25
14520,M,18-25
17994,M,26-35
13038,M,26-35
17002,M,18-25
15722,M,36-45
16349,M,18-25
16913,M,26-35
18114,M,26-35
15303,M,51-55
12845,M,26-35
18188,M,18-25
16045,M,55+
16573,F,18-25
13421,F,26-35
18196,M,55+
13285,M,51-55
13184,M,51-55
18151,M,18-25
13804,F,18-25
17499,M,26-35
15397,M,51-55
14276,M,51-55
13453,M,55+
16394,F,46-50
17711,M,36-45
13865,M,46-50
16940,M,36-45
14289,M,26-35
16208,F,46-50
17063,M,0-17
13149,M,26-35
18068,M,36-45
15932,M,36-45
16692,F,51-55
15590,M,46-50
17171,M,51-55
18231,M,26-35
14004,M,55+
17139,M,36-45
14513,M,18-25
13118,M,46-50
15974,M,26-35
17830,F,36-45
12565,F,36-45
12582,M,36-45
14231,M,55+
17867,F,51-55
14880,F,46-50
15121,M,51-55
17117,M,26-35
12945,M,36-45
18056,M,18-25
16072,F,36-45
16838,M,36-45
15543,M,55+
13751,M,18-25
15847,M,0-17
13851,F,18-25
13501,M,26-35
12633,F,36-45
13345,M,46-50
13870,M,18-25
17034,F,46-50
16592,F,36-45
15712,M,55+
13362,F,26-35
14470,M,36-45
17388,M,51-55
16841,F,0-17
13753,M,36-45
13666,M,0-17
12361,F,0-17
14481,M,26-35
13792,M,26-35
17663,M,26-35
13973,M,18-25
15990,M,26-35
13493,M,26-35
13684,F,26-35
13261,F,36-45
16598,M,26-35
14147,M,36-45
15951,M,36-45
13971,M,18-25
17516,F,18-25
13630,M,26-35
14157,M,26-35
13636,M,26-35
13610,M,0-17
14745,M,18-25
12781,M,26-35
14036,F,18-25
16057,M,36-45
15724,F,26-35
12458,M,26-35
12598,M,0-17
13675,M,36-45
14227,F,18-25
16668,F,26-35
16667,M,46-50
13509,F,51-55
15874,F,18-25
16187,F,51-55
16339,F,26-35
12509,M,55+
14046,M,26-35
13292,M,51-55
16427,M,26-35
14056,F,26-35
15656,M,51-55
12811,F,26-35
16518,M,46-50
17165,M,26-35
17462,M,36-45
14620,M,36-45
14740,M,55+
16462,M,0-17
12428,M,55+
16078,M,36-45
16915,M,55+
15676,M,0-17
15709,M,26-35
15241,M,18-25
12933,M,46-50
15092,M,51-55
12679,F,26-35
15319,M,51-55
16212,M,26-35
15257,M,18-25
14656,M,36-45
13884,M,36-45
12866,M,26-35
13166,M,36-45
16389,M,26-35
15416,F,51-55
15733,F,36-45
16678,M,18-25
12834,M,51-55
13722,F,55+
14934,M,0-17
15067,M,46-50
16128,M,18-25
17770,M,36-45
15622,M,51-55
14473,M,26-35
15104,F,36-45
15643,M,18-25
16792,F,36-45
15031,M,26-35
15636,M,46-50
12873,M,18-25
17923,M,18-25
16217,F,55+
17738,M,26-35
17426,M,36-45
16957,M,26-35
16571,M,26-35
14483,M,26-35
15087,M,18-25
16709,M,0-17
17856,M,55+
15053,M,51-55
18218,F,26-35
16159,M,46-50
17995,F,26-35
17374,M,26-35
17789,M,36-45
17416,M,51-55
17652,F,46-50
13476,F,46-50
12817,F,18-25
15393,F,26-35
13014,M,55+
17508,F,46-50
13931,M,51-55
12541,F,26-35
13382,M,0-17
15220,M,26-35
14570,F,46-50
14447,M,36-45
13557,M,0-17
16449,M,51-55
12547,F,51-55
17325,F,36-45
14995,M,36-45
16414,M,0-17
15681,M,46-50
14670,M,26-35
15675,M,51-55
12584,M,26-35
17535,M,36-45
15400,F,55+
14903,M,36-45
14499,M,0-17
18211,M,18-25
14504,M,26-35
15572,M,36-45
17107,M,26-35
14247,F,26-35
15554,M,51-55
14915,F,36-45
16136,M,55+
18280,F,36-45
12614,M,46-50
13344,F,51-55
16621,F,18-25
16225,M,18-25
14214,F,26-35
14012,M,18-25
16356,M,18-25
17654,M,0-17
15026,M,18-25
16517,M,18-25
14817,M,18-25
17092,M,18-25
16242,M,36-45
15869,M,26-35
17817,M,51-55
15234,M,36-45
15764,M,36-45
15806,F,36-45
15819,M,55+
14586,M,18-25
15944,M,36-45
13340,M,55+
16917,F,26-35
14407,M,18-25
13908,M,36-45
12758,F,18-25
13975,F,26-35
14730,M,26-35
12623,M,26-35
14367,M,36-45
13373,M,46-50
16712,M,26-35
17639,F,18-25
16426,M,0-17
16495,M,26-35
14336,M,51-55
14507,M,55+
12759,F,46-50
17049,M,26-35
15206,M,18-25
14013,M,36-45
14645,M,18-25
15071,M,55+
14112,M,36-45
13026,M,55+
12881,M,36-45
17864,F,36-45
14936,M,26-35
17138,M,36-45
16572,M,55+
14165,M,18-25
15367,M,26-35
14291,M,46-50
15632,M,26-35
14297,M,55+
13899,M,18-25
16471,M,36-45
18183,F,0-17
14603,F,18-25
18173,F,51-55
14854,M,46-50
16625,F,51-55
14064,M,18-25
15308,M,18-25
18086,M,18-25
14350,M,18-25
14930,F,18-25
16080,F,18-25
14727,M,26-35
16778,F,18-25
14077,M,55+
16808,M,18-25
16475,M,18-25
13265,M,26-35
12520,F,0-17
15049,M,18-25
18149,F,18-25
13654,M,26-35
16652,F,51-55
16766,F,18-25
16801,F,36-45
17164,F,0-17
13226,M,18-25
13043,M,36-45
14352,M,26-35
17351,M,0-17
16768,F,26-35
16693,M,0-17
13956,M,0-17
13708,F,51-55
15918,M,36-45
15671,M,18-25
14962,M,51-55
16807,M,51-55
15125,M,26-35
16871,M,0-17
12901,F,36-45
13452,M,46-50
15493,F,26-35
16005,M,26-35
15388,M,26-35
16804,F,55+
13499,M,18-25
15047,M,46-50
14193,M,18-25
17542,M,46-50
17080,F,18-25
16392,M,0-17
15106,F,26-35
16214,F,26-35
13716,M,0-17
15150,M,26-35
16061,M,0-17
14226,M,26-35
13121,F,26-35
16297,F,36-45
12994,M,0-17
16152,M,36-45
14636,M,55+
16040,F,0-17
15793,M,46-50
13358,M,55+
12849,F,26-35
15182,M,46-50
13299,M,18-25
16383,M,26-35
15381,M,36-45
12597,M,46-50
15030,M,46-50
12435,M,18-25
12955,F,26-35
18189,F,26-35
13946,F,26-35
17716,F,26-35
13185,M,0-17
14840,M,36-45
13216,M,26-35
13650,F,51-55
13533,M,55+
13268,F,46-50
15433,M,26-35
12937,M,26-35
17603,M,26-35
16216,M,26-35
16377,F,46-50
16976,M,51-55
12514,M,26-35
18210,F,36-45
13631,M,55+
14422,M,0-17
15648,M,0-17
17725,F,36-45
15861,F,26-35
13072,M,18-25
15695,M,46-50
14110,M,46-50
14059,M,18-25
16672,M,46-50
16511,M,0-17
16256,M,46-50
13591,F,36-45
14066,M,26-35
15483,M,18-25
16626,M,36-45
15019,F,18-25
18270,F,51-55
14315,M,36-45
17921,F,36-45
14041,F,46-50
17060,F,18-25
16023,F,18-25
17133,F,55+
12878,F,26-35
14155,M,26-35
17043,M,46-50
13046,M,26-35
14633,F,46-50
12948,M,55+
15703,F,51-55
14071,F,55+
17134,F,36-45
17795,M,18-25
12902,M,51-55
16444,M,26-35
14232,M,26-35
14693,M,18-25
12407,M,55+
16728,M,55+
16096,M,51-55
13985,M,51-55
13592,M,55+
15140,M,46-50
12843,M,36-45
14408,M,26-35
15408,F,0-17
15445,M,36-45
15452,M,55+
14223,M,0-17
16619,F,51-55
14762,M,46-50
13934,M,51-55
15669,F,55+
16384,M,55+
18224,F,26-35
14245,M,55+
17678,M,36-45
15855,F,18-25
16036,M,55+
17763,M,51-55
13262,M,51-55
17152,M,46-50
14632,M,51-55
13900,F,18-25
14875,M,26-35
15132,F,46-50
17272,F,46-50
16135,M,46-50
12831,F,26-35
15437,F,51-55
16809,F,26-35
14711,M,36-45
14377,M,55+
16374,M,36-45
13196,F,51-55
15457,M,26-35
12613,F,55+
16721,M,36-45
12399,M,36-45
17733,F,18-25
17102,M,18-25
15410,F,55+
13239,M,46-50
15449,M,55+
14870,M,55+
13821,F,55+
17096,M,51-55
12604,M,36-45
12818,M,46-50
18191,F,55+
14461,M,36-45
13132,M,55+
16859,M,36-45
15245,F,46-50
17486,M,26-35
16308,F,0-17
12564,M,36-45
14607,M,51-55
13249,M,26-35
15644,M,18-25
14075,F,26-35
17250,M,51-55
17966,F,36-45
14129,M,36-45
15651,F,46-50
13035,F,36-45
13341,M,55+
13512,M,55+
16620,M,26-35
17698,F,55+
14267,M,51-55
13736,F,46-50
16022,F,26-35
14235,F,55+
16769,M,36-45
17754,M,51-55
12408,F,36-45
16063,F,46-50
15178,M,26-35
14348,M,26-35
15815,M,26-35
13695,M,18-25
17979,M,26-35
13139,F,36-45
12545,M,51-55
14758,F,26-35
14536,F,26-35
13662,M,26-35
17946,M,26-35
13743,F,26-35
18078,M,51-55
16780,F,55+
18273,M,55+
15045,M,36-45
17625,M,36-45
13357,F,18-25
16777,F,36-45
14476,M,26-35
16245,M,36-45
12669,M,26-35
12792,M,46-50
17765,M,18-25
15083,M,51-55
18010,F,55+
15249,M,36-45
13760,F,46-50
15624,F,36-45
17749,M,55+
15068,F,36-45
14538,M,26-35
14851,M,26-35
14021,M,46-50
13037,F,0-17
18177,M,26-35
14128,M,51-55
17874,M,36-45
17719,F,46-50
17931,M,26-35
13803,F,36-45
17398,M,55+
15906,F,26-35
16253,M,46-50
13439,M,26-35
12888,M,26-35
13588,M,26-35
12456,M,26-35
15521,M,26-35
13720,M,26-35
15674,M,36-45
17594,M,46-50
17775,M,51-55
13988,F,46-50
16657,M,36-45
15424,F,46-50
13316,M,26-35
16788,M,18-25
16584,M,26-35
15364,M,55+
18108,M,46-50
14272,M,46-50
15980,M,26-35
15832,M,18-25
16092,M,36-45
15528,M,26-35
16398,M,26-35
17088,M,26-35
17438,M,51-55
13060,F,51-55
14790,M,18-25
14890,M,36-45
16386,M,26-35
14818,F,18-25
13571,M,51-55
12909,M,26-35
12619,M,0-17
16698,M,51-55
16681,M,26-35
13573,M,26-35
14957,M,26-35
13918,M,26-35
17212,F,26-35
17781,M,51-55
14886,M,46-50
13626,M,51-55
16609,F,26-35
16180,F,18-25
13462,M,36-45
18263,F,51-55
16960,M,55+
13841,M,46-50
17701,M,36-45
12949,M,18-25
14852,F,36-45
12569,M,26-35
13169,M,36-45
16162,F,46-50
15691,M,46-50
14195,M,18-25
13781,M,51-55
17758,F,51-55
14023,M,55+
17669,M,51-55
16142,M,55+
17648,M,26-35
13059,M,55+
16224,M,36-45
15223,M,26-35
17886,M,26-35
13294,F,26-35
15289,M,26-35
18185,F,36-45
17956,M,26-35
15756,M,26-35
14747,M,26-35
14719,F,46-50
13015,M,55+
16586,M,55+
16105,F,46-50
14546,F,36-45
15442,M,26-35
16906,F,46-50
14535,F,55+
16170,M,36-45
15244,M,18-25
16696,M,26-35
15145,F,36-45
17492,M,55+
13525,M,55+
17409,F,36-45
17783,M,18-25
13863,F,55+
13515,F,26-35
15917,F,55+
17440,M,55+
17045,M,36-45
17140,M,55+
15201,M,36-45
14964,F,46-50
16031,F,36-45
14403,M,46-50
17042,F,55+
13771,F,36-45
17906,F,36-45
18272,M,51-55
16144,M,26-35
13731,F,26-35
12580,M,26-35
14912,M,55+
15530,M,26-35
13950,F,18-25
13752,M,55+
13892,M,18-25
14446,F,46-50
16209,M,26-35
15754,F,36-45
13712,M,36-45
15800,M,36-45
16469,M,26-35
13005,M,26-35
14981,M,46-50
17928,F,55+
16261,M,36-45
17883,M,36-45
14619,M,46-50
13995,M,51-55
16643,M,36-45
14246,M,18-25
18040,M,26-35
16837,M,51-55
15119,M,36-45
16325,F,46-50
14924,M,26-35
15109,M,36-45
16623,M,46-50
12999,M,26-35
12717,M,36-45
13962,F,55+
18036,M,26-35
14958,M,18-25
13562,M,51-55
15775,M,55+
17054,M,36-45
17268,M,18-25
13548,M,51-55
13508,F,51-55
12447,M,26-35
13570,M,26-35
13232,M,46-50
18129,M,26-35
13632,M,26-35
15665,M,36-45
17550,M,51-55
15655,F,55+
14286,F,26-35
16188,M,46-50
12656,M,26-35
15214,M,36-45
17574,M,26-35
15737,F,46-50
18080,M,18-25
14311,M,18-25
14339,F,36-45
12982,F,36-45
12701,M,36-45
12596,M,26-35
14273,F,26-35
12363,M,26-35
13549,F,18-25
15414,F,51-55
13203,M,55+
14628,M,55+
14326,M,18-25
15935,F,36-45
13655,M,26-35
12910,F,26-35
13577,M,26-35
15251,M,26-35
14111,M,46-50
17160,M,18-25
16172,M,26-35
17972,M,46-50
12463,F,36-45
14844,M,26-35
17278,M,26-35
15212,M,46-50
16729,M,55+
14998,M,26-35
13484,F,36-45
16697,M,36-45
14931,M,55+
18236,F,0-17
13740,M,36-45
16454,M,55+
15230,M,55+
15134,F,26-35
16309,M,36-45
13544,M,36-45
14262,M,46-50
13134,F,26-35
17589,M,46-50
16097,M,36-45
13122,F,36-45
16966,M,36-45
17746,M,36-45
16175,M,26-35
14834,M,36-45
16348,M,55+
15147,M,26-35
16131,F,18-25
15813,M,26-35
17058,F,26-35
17704,M,18-25
16933,M,36-45
13772,F,18-25
16249,M,46-50
14198,M,26-35
13989,M,0-17
17930,M,26-35
14154,M,26-35
14482,M,18-25
14163,F,18-25
14105,M,55+
17601,M,18-25
17142,M,36-45
13811,M,26-35
12457,F,51-55
15135,F,55+
16806,M,26-35
13952,M,46-50
13120,M,36-45
12769,M,55+
13516,M,26-35
14323,F,26-35
18079,M,55+
12639,M,36-45
14700,F,26-35
15027,F,18-25
17367,M,26-35
18213,M,18-25
17029,F,51-55
13220,M,26-35
15985,F,26-35
16193,M,26-35
15172,M,36-45
13692,F,46-50
15745,M,36-45
17582,M,46-50
13474,M,26-35
17697,M,36-45
16639,M,51-55
16947,M,36-45
15491,M,36-45
16617,M,46-50
15265,M,46-50
16226,F,18-25
18009,M,26-35
16399,M,46-50
14623,M,26-35
15625,F,51-55
18064,M,46-50
15508,M,26-35
16628,M,26-35
13647,M,26-35
15594,M,18-25
13479,F,36-45
13735,F,18-25
13376,M,26-35
15717,M,26-35
13719,F,26-35
16633,F,26-35
13101,M,26-35
15225,F,51-55
14152,M,51-55
12733,M,36-45
15436,M,18-25
17217,M,26-35
17734,M,55+
14905,M,36-45
14148,M,51-55
16103,F,18-25
14626,M,26-35
14868,M,51-55
18246,M,46-50
13485,M,26-35
15517,M,26-35
17115,M,26-35
17120,M,36-45
16611,M,18-25
15912,M,36-45
12506,M,36-45
12670,M,26-35
17588,F,18-25
14759,M,26-35
16185,M,18-25
13505,M,55+
13389,M,36-45
12354,M,26-35
17631,M,36-45
17061,F,18-25
17718,M,46-50
17630,M,51-55
13223,M,55+
16146,M,26-35
17109,M,26-35
16587,M,55+
12622,M,18-25
16750,M,26-35
13482,M,18-25
14512,M,36-45
17670,M,26-35
16834,M,51-55
15108,M,26-35
16942,F,26-35
14640,M,36-45
16823,M,18-25
15237,F,18-25
12573,F,26-35
17854,M,36-45
18220,M,26-35
17436,F,36-45
16965,M,0-17
12840,F,36-45
15891,M,55+
17187,M,26-35
13637,F,0-17
17991,M,26-35
16418,M,26-35
16099,M,26-35
15768,M,36-45
16637,M,36-45
14240,M,26-35
15143,M,46-50
13229,F,36-45
14973,M,51-55
14271,M,26-35
15952,M,18-25
16227,F,26-35
17893,M,36-45
14022,M,18-25
15210,M,36-45
16370,M,26-35
15376,M,26-35
14655,M,26-35
17615,M,36-45
16055,M,36-45
14149,M,18-25
17501,M,18-25
14191,M,26-35
13282,M,26-35
15582,M,51-55
16230,M,36-45
18146,M,26-35
15976,M,26-35
17443,F,18-25
12886,M,18-25
17974,M,26-35
13524,M,46-50
17955,M,26-35
15128,M,0-17
16610,F,18-25
17394,M,26-35
14173,M,36-45
16258,M,26-35
14948,F,0-17
17384,M,18-25
16990,M,36-45
13762,M,26-35
12593,M,46-50
14340,F,26-35
17429,F,36-45
13711,F,26-35
14515,M,26-35
16457,M,36-45
17527,M,51-55
14199,M,51-55
13888,M,26-35
14423,F,18-25
14697,F,36-45
17522,M,26-35
13867,M,36-45
17624,F,51-55
14393,M,18-25
17578,M,18-25
13450,F,26-35
17423,M,18-25
18241,M,18-25
15668,F,51-55
16319,F,18-25
15757,M,18-25
17174,M,26-35
13365,M,26-35
18227,M,36-45
14145,M,36-45
18235,F,18-25
13741,M,26-35
12394,M,18-25
16832,M,26-35
15258,M,18-25
15552,M,26-35
18170,M,36-45
13723,M,18-25
14005,M,26-35
15561,M,26-35
16121,M,26-35
18142,M,36-45
13642,M,36-45
15117,F,36-45
13561,M,18-25
15704,M,26-35
16007,M,0-17
16232,F,26-35
17410,F,36-45
13835,M,26-35
13427,M,26-35
14353,M,46-50
12700,M,26-35
13003,M,26-35
16756,M,18-25
13492,M,26-35
16440,M,51-55
18120,M,26-35
12355,F,18-25
17723,M,26-35
14699,M,26-35
12821,M,18-25
13055,M,51-55
13320,M,18-25
16357,M,36-45
18242,F,36-45
15865,M,26-35
17597,F,18-25
14397,F,26-35
13242,F,26-35
12684,M,36-45
14288,F,51-55
15063,M,36-45
12592,F,36-45
14591,M,36-45
13990,F,26-35
12749,M,18-25
16320,M,26-35
14691,M,18-25
16229,F,36-45
14920,M,26-35
17489,M,26-35
13404,M,18-25
15729,M,36-45
16644,M,26-35
14731,M,18-25
14277,M,26-35
15187,M,36-45
13052,M,18-25
18133,M,51-55
17664,M,36-45
14649,F,18-25
13235,F,26-35
14883,M,26-35
12976,F,18-25
14681,M,26-35
14421,M,18-25
16116,M,26-35
14988,M,26-35
15489,F,18-25
14364,M,18-25
16006,M,36-45
16184,F,18-25
17932,M,36-45
18221,M,46-50
12590,M,46-50
14853,M,26-35
17658,M,18-25
17764,M,26-35
14651,M,18-25
14000,M,26-35
13601,M,18-25
12757,F,18-25
17970,M,36-45
12770,M,36-45
15826,M,51-55
15907,M,18-25
12695,M,18-25
14342,M,36-45
14873,M,26-35
14689,M,18-25
15440,F,36-45
16076,F,26-35
15333,M,26-35
16283,M,26-35
17263,M,18-25
16877,M,46-50
12674,M,18-25
16642,F,18-25
12871,M,26-35
14038,M,18-25
14489,M,36-45
14888,M,18-25
17190,M,26-35
13456,M,26-35
17898,M,26-35
13976,M,46-50
16139,M,36-45
15730,M,55+
16266,F,36-45
15123,M,36-45
17505,M,51-55
12690,F,36-45
16446,M,26-35
17556,F,26-35
14583,M,36-45
16818,F,36-45
13572,F,18-25
14009,M,18-25
13258,M,0-17
14463,M,18-25
13192,M,36-45
16987,M,18-25
13417,M,26-35
17047,M,18-25
15116,F,18-25
17469,F,26-35
16647,M,55+
15630,F,26-35
17245,F,36-45
16008,F,51-55
17871,M,26-35
13529,M,26-35
12620,M,55+
15599,M,18-25
16813,M,36-45
14859,M,46-50
16463,M,0-17
15791,F,26-35
13658,M,18-25
13887,F,51-55
12353,M,36-45
14551,M,18-25
17166,M,36-45
17926,F,26-35
13391,M,18-25
17455,F,26-35
13308,M,26-35
13856,F,26-35
13243,M,18-25
15095,M,36-45
18048,F,36-45
18287,M,46-50
18150,M,18-25
16690,M,18-25
13555,M,36-45
16038,F,18-25
13972,M,18-25
13227,F,26-35
13657,M,18-25
17176,F,18-25
14837,M,26-35
14682,M,51-55
14921,M,26-35
16341,M,26-35
14647,F,26-35
12710,M,18-25
15292,F,36-45
15705,F,26-35
13339,M,26-35
13885,M,26-35
12360,F,36-45
13546,F,51-55
17715,M,26-35
18160,M,26-35
15434,M,18-25
15734,F,0-17
13737,M,46-50
13213,M,26-35
18018,F,26-35
15314,M,36-45
17521,F,46-50
15042,M,36-45
12863,F,26-35
16091,F,46-50
15804,F,26-35
14593,M,26-35
14287,M,26-35
16763,F,26-35
14705,M,18-25
12562,M,26-35
12815,M,18-25
14522,M,36-45
16448,M,26-35
14584,M,51-55
12974,F,26-35
12987,M,26-35
14816,M,18-25
15852,M,18-25
16624,M,26-35
12493,M,18-25
18232,M,36-45
18073,M,26-35
16369,M,26-35
14280,M,46-50
13135,M,26-35
17345,F,26-35
16275,M,26-35
14338,M,26-35
15402,M,26-35
12876,M,26-35
16323,F,26-35
12426,M,18-25
14451,M,26-35
14823,M,26-35
15897,F,26-35
17051,M,36-45
15925,M,18-25
12787,M,26-35
15863,F,26-35
16483,M,36-45
13398,F,26-35
13070,M,26-35
14819,M,26-35
12790,F,51-55
15163,F,26-35
18204,M,18-25
15124,M,26-35
12473,M,26-35
16969,M,18-25
14597,M,18-25
13917,F,26-35
13062,F,26-35
16484,M,18-25
15184,F,26-35
18135,F,26-35
14453,M,26-35
17900,M,36-45
13437,M,26-35
12517,M,26-35
16529,F,26-35
17531,M,26-35
16239,M,26-35
14500,M,18-25
16117,M,36-45
13248,M,18-25
16967,M,26-35
15405,F,36-45
16659,M,51-55
16880,M,26-35
13435,F,51-55
13131,M,18-25
14891,M,26-35
16682,F,18-25
15453,M,36-45
16963,F,26-35
13682,F,36-45
15152,M,26-35
15462,M,26-35
12449,M,51-55
15349,F,26-35
16849,M,18-25
12802,M,36-45
15073,M,26-35
16298,M,0-17
12535,M,26-35
18248,M,18-25
15386,M,26-35
17252,M,26-35
14542,M,18-25
16825,F,18-25
12380,F,18-25
18072,M,26-35
13643,M,18-25
15969,F,26-35
13283,M,46-50
17015,F,18-25
14375,M,36-45
17124,M,46-50
17987,F,36-45
13395,M,18-25
17828,M,36-45
15743,M,26-35
17414,M,26-35
14622,M,51-55
15609,F,26-35
14561,F,26-35
16872,F,51-55
16358,M,36-45
15238,F,36-45
13466,M,55+
17360,F,18-25
13510,M,36-45
12406,M,36-45
14241,M,26-35
14132,F,26-35
14963,M,18-25
17169,M,36-45
15252,F,26-35
17731,F,55+
16113,M,36-45
12694,M,26-35
16107,M,36-45
17483,M,51-55
15679,F,0-17
13686,M,36-45
16581,M,36-45
15267,F,26-35
17234,M,18-25
17797,F,51-55
16614,M,51-55
12409,M,26-35
15411,M,18-25
14178,F,36-45
15098,F,26-35
18281,F,26-35
14984,M,26-35
12516,M,36-45
17265,F,36-45
13617,F,36-45
17242,M,26-35
17289,M,26-35
16018,M,46-50
14704,F,18-25
16794,M,26-35
13761,M,46-50
13517,M,26-35
13936,M,51-55
16342,F,26-35
14177,M,26-35
12732,F,26-35
16205,M,26-35
15036,M,26-35
13589,F,18-25
17579,M,18-25
15069,M,36-45
17349,M,26-35
13080,M,26-35
13663,M,36-45
14503,M,46-50
16774,M,26-35
13384,M,26-35
17101,M,46-50
14997,M,36-45
17155,M,26-35
12809,F,36-45
16461,M,26-35
13343,M,26-35
12624,F,26-35
18165,F,51-55
17536,M,18-25
16324,M,18-25
17651,M,18-25
14222,M,18-25
15585,F,26-35
17490,M,36-45
16739,F,26-35
16276,M,26-35
17193,M,55+
16257,F,46-50
14285,M,55+
17642,M,46-50
12816,F,18-25
13826,M,26-35
13575,M,26-35
17157,F,18-25
16852,M,36-45
15219,M,26-35
15014,M,26-35
14765,M,0-17
16869,M,26-35
15909,M,55+
13618,F,55+
16050,M,26-35
17879,M,36-45
17562,F,18-25
15334,M,36-45
12450,M,36-45
13568,M,46-50
14820,M,18-25
16744,M,55+
15700,M,51-55
17299,F,26-35
12837,M,26-35
15076,M,18-25
17444,M,36-45
15921,M,26-35
15747,M,36-45
15840,M,26-35
15016,M,46-50
14808,M,26-35
12904,M,46-50
15825,M,26-35
12432,F,26-35
15389,F,18-25
15280,M,26-35
17159,M,36-45
12830,F,36-45
15507,M,46-50
18252,F,18-25
16526,F,18-25
17695,M,36-45
12930,M,36-45
14960,M,26-35
12444,M,26-35
17960,M,36-45
15412,M,26-35
13763,F,26-35
12798,M,26-35
13849,F,26-35
16114,M,26-35
13420,F,26-35
13780,F,36-45
17877,M,55+
16247,M,51-55
15041,M,36-45
12379,M,51-55
16287,M,26-35
12919,M,18-25
15130,M,26-35
12704,M,55+
17370,M,18-25
17709,M,36-45
15253,M,26-35
13300,M,18-25
17759,M,36-45
12465,M,51-55
12412,M,26-35
12697,F,0-17
13937,M,55+
12615,M,36-45
15850,F,26-35
15186,M,18-25
13791,M,18-25
14795,M,18-25
17768,F,46-50
18112,M,18-25
12548,M,51-55
17386,M,36-45
14104,M,36-45
17110,M,26-35
13895,M,26-35
16545,M,26-35
16671,M,18-25
14351,M,26-35
17391,M,26-35
16824,M,36-45
17750,M,36-45
16200,M,36-45
17997,M,26-35
14383,M,36-45
13461,M,26-35
17408,M,36-45
15537,M,18-25
14327,M,26-35
17837,F,26-35
12424,M,26-35
15578,M,36-45
15584,M,26-35
13745,F,18-25
16498,F,18-25
17891,M,46-50
17123,F,26-35
16866,M,26-35
13730,M,26-35
16589,M,26-35
12922,M,18-25
16009,M,26-35
14053,M,26-35
17939,M,46-50
17312,F,26-35
13833,F,46-50
17899,F,46-50
15007,M,26-35
17464,M,18-25
18265,M,18-25
16344,M,46-50
13338,M,36-45
17024,F,26-35
14034,M,18-25
18203,M,55+
16616,F,26-35
16338,M,18-25
17046,M,51-55
13109,F,36-45
16829,M,26-35
13217,M,26-35
14002,M,26-35
12977,F,26-35
13291,M,36-45
13583,M,18-25
16929,M,26-35
17892,M,26-35
15505,M,46-50
14459,M,0-17
18013,M,36-45
13681,F,26-35
13699,M,26-35
14493,F,26-35
13486,M,26-35
13302,M,26-35
16012,M,26-35
12635,M,26-35
17031,M,46-50
12461,M,36-45
12648,M,18-25
18121,M,26-35
15901,F,36-45
14918,M,36-45
15920,M,26-35
17353,M,51-55
18024,F,51-55
15467,M,26-35
16174,M,18-25
13678,M,26-35
14690,M,18-25
13058,M,51-55
14552,F,46-50
12556,M,18-25
13224,M,26-35
16989,F,18-25
12358,M,18-25
13207,M,46-50
18122,M,18-25
12722,M,26-35
17405,M,26-35
13311,M,36-45
15051,M,26-35
15895,M,26-35
15795,M,36-45
13669,F,36-45
16450,M,26-35
13667,M,26-35
14400,M,36-45
12405,F,36-45
14265,M,18-25
14847,M,18-25
14862,F,26-35
16488,M,18-25
15256,M,26-35
14716,M,18-25
13933,M,18-25
14857,F,18-25
15306,M,51-55
15839,M,18-25
13994,M,26-35
17554,M,18-25
14332,M,36-45
17266,M,18-25
17948,M,18-25
15004,F,18-25
14722,F,26-35
13507,M,26-35
13967,M,18-25
16054,M,36-45
12833,F,26-35
16474,F,18-25
17984,M,36-45
12589,M,26-35
17448,M,36-45
16762,F,46-50
15369,M,26-35
13154,F,26-35
13940,F,36-45
14029,M,26-35
14117,M,46-50
13167,M,18-25
17779,M,0-17
13991,M,36-45
18101,F,26-35
17065,M,18-25
13827,M,26-35
12560,M,26-35
16764,F,26-35
18180,M,36-45
12521,M,26-35
17866,M,36-45
15802,F,36-45
17229,M,26-35
14456,F,55+
16464,F,36-45
17962,M,36-45
16149,M,26-35
14259,M,55+
18143,M,26-35
17935,M,18-25
14517,M,18-25
17694,M,18-25
17660,F,26-35
16041,F,26-35
15623,M,26-35
15829,M,26-35
15232,M,26-35
12438,M,26-35
12627,M,26-35
13079,F,18-25
18262,M,18-25
13563,M,36-45
15506,M,0-17
16305,F,36-45
12864,M,26-35
17724,M,51-55
17703,F,55+
13116,M,51-55
14019,M,18-25
17649,F,18-25
16178,M,18-25
17040,F,36-45
14100,F,26-35
16557,M,36-45
13296,M,36-45
13814,M,26-35
16364,F,46-50
17693,F,18-25
15372,M,36-45
15618,F,55+
13930,F,26-35
13379,M,0-17
13194,M,26-35
16447,F,36-45
14305,M,26-35
12397,M,55+
14331,M,26-35
15261,M,36-45
15105,F,36-45
13813,F,36-45
18268,F,0-17
14855,M,18-25
13925,F,26-35
18237,M,36-45
12453,F,36-45
15639,F,26-35
15118,M,18-25
15746,M,26-35
12743,M,26-35
15942,M,26-35
14143,M,26-35
15120,M,26-35
16147,M,46-50
13277,M,55+
18127,M,51-55
15149,M,26-35
18081,M,18-25
14511,M,18-25
12716,M,26-35
15776,M,18-25
12981,M,26-35
13106,M,26-35
13928,F,51-55
14885,M,18-25
13388,M,36-45
15438,M,51-55
17173,M,51-55
17941,M,26-35
14947,M,26-35
17053,M,18-25
12534,M,36-45
12844,M,26-35
14567,F,26-35
14937,M,26-35
12828,F,26-35
16984,M,36-45
13023,M,36-45
17553,M,26-35
13075,M,18-25
15342,F,26-35
12644,M,26-35
12378,M,26-35
17788,M,26-35
13850,M,18-25
14076,M,26-35
13805,F,26-35
17887,F,46-50
13186,M,18-25
12750,F,26-35
15374,M,18-25
17656,M,36-45
16102,M,36-45
15089,M,36-45
14972,F,36-45
17514,F,36-45
12917,M,26-35
12689,F,0-17
14768,M,26-35
17584,M,46-50
15254,M,26-35
18099,M,36-45
15205,M,26-35
13218,M,36-45
17267,F,36-45
16302,F,26-35
13513,M,26-35
14720,M,26-35
18282,F,26-35
12610,M,26-35
13200,F,51-55
14079,M,26-35
17298,M,26-35
14024,M,26-35
16066,M,26-35
15198,F,51-55
12885,M,18-25
17331,M,26-35
13016,M,18-25
13500,M,26-35
15247,M,36-45
13355,M,26-35
16053,M,26-35
13919,M,26-35
12384,M,36-45
16292,M,26-35
12571,M,26-35
14116,F,55+
14495,M,26-35
15494,M,36-45
15608,M,36-45
17248,M,18-25
17653,F,36-45
13645,M,46-50
15469,M,26-35
13307,F,18-25
12381,M,55+
17122,M,26-35
14406,M,0-17
15683,M,36-45
14301,M,26-35
14658,F,26-35
13621,M,26-35
16272,M,18-25
17958,M,18-25
16836,M,36-45
16961,M,51-55
16902,M,26-35
15706,M,46-50
15480,M,26-35
15315,M,26-35
15653,M,36-45
13159,M,18-25
13189,M,26-35
17637,M,36-45
12641,M,18-25
13470,M,18-25
15786,M,26-35
15541,M,26-35
16734,M,26-35
16706,M,18-25
17070,M,26-35
12688,M,36-45
12729,M,26-35
12962,M,55+
13273,M,18-25
17736,M,26-35
15472,M,26-35
12680,F,36-45
16582,M,26-35
17747,F,26-35
12513,M,26-35
15396,M,46-50
12418,M,18-25
16828,F,26-35
14712,F,18-25
12991,F,36-45
14772,F,18-25
12364,M,26-35
12968,M,55+
16330,F,51-55
14566,M,18-25
15701,M,26-35
12518,F,36-45
14529,M,36-45
16536,M,51-55
15313,M,26-35
15801,M,51-55
16201,M,26-35
16555,M,26-35
16952,F,18-25
14387,M,26-35
17073,M,26-35
18147,M,26-35
14523,F,36-45
14418,M,26-35
12642,M,36-45
16968,M,36-45
16723,M,26-35
13411,M,36-45
16340,F,26-35
13236,M,18-25
14196,M,26-35
15263,F,46-50
14314,M,0-17
16093,F,55+
17844,F,26-35
14687,F,26-35
14050,F,26-35
16429,F,26-35
14055,F,18-25
12715,F,26-35
15663,F,26-35
18200,M,51-55
18167,M,26-35
13644,M,18-25
17451,F,18-25
16641,F,18-25
13812,M,46-50
14141,M,26-35
15074,M,26-35
12492,M,18-25
17183,M,18-25
15325,M,18-25
13778,M,18-25
14869,M,26-35
14096,F,36-45
14108,M,18-25
12814,F,36-45
15866,M,26-35
14660,M,51-55
13726,M,26-35
15690,M,36-45
17777,M,26-35
16278,M,26-35
13276,F,26-35
12436,M,36-45
13147,M,26-35
13045,M,26-35
13099,M,26-35
12739,M,46-50
14420,M,55+
14436,M,26-35
18027,M,18-25
12794,M,51-55
12832,M,26-35
16674,F,26-35
12375,M,18-25
16173,F,18-25
14171,F,26-35
13434,M,26-35
16761,M,18-25
14067,M,26-35
13808,F,51-55
12851,M,26-35
14335,F,26-35
14965,M,51-55
15136,F,26-35
16629,M,46-50
18261,F,36-45
15307,F,0-17
16820,M,18-25
17309,M,26-35
13949,M,36-45
14360,M,26-35
16400,M,26-35
14208,M,36-45
12526,M,18-25
13130,M,51-55
13210,M,26-35
17481,M,26-35
12685,M,26-35
17573,F,36-45
14452,M,18-25
13889,F,46-50
15488,M,26-35
18222,M,46-50
13244,M,18-25
17004,M,26-35
13441,M,51-55
13823,F,0-17
12879,M,46-50
16603,M,18-25
14824,M,18-25
16910,M,18-25
15652,M,26-35
16362,F,46-50
15035,M,26-35
14508,M,26-35
13272,M,26-35
17317,M,36-45
14212,M,26-35
13372,M,26-35
18255,M,18-25
14250,M,55+
16796,M,18-25
14432,M,26-35
15782,M,36-45
12883,M,18-25
12965,M,46-50
15533,M,46-50
18215,M,18-25
18158,F,55+
13375,M,26-35
13431,M,26-35
16211,M,36-45
12884,F,36-45
16141,M,36-45
17919,M,55+
16360,M,46-50
17433,F,26-35
13704,M,18-25
14020,M,26-35
14359,M,26-35
16451,M,0-17
12940,M,26-35
15216,M,51-55
15522,F,18-25
17037,M,26-35
12822,M,18-25
15343,M,26-35
14753,M,26-35
16959,M,18-25
18251,M,36-45
13032,M,26-35
12895,F,36-45
17640,M,26-35
13860,M,46-50
12756,M,36-45
18001,M,26-35
17728,M,18-25
15933,M,36-45
14284,M,51-55
17347,M,26-35
15103,F,26-35
15707,M,26-35
13430,M,26-35
12566,M,55+
13321,M,26-35
13877,M,26-35
15272,M,26-35
15322,M,36-45
17333,M,55+
13518,M,26-35
14306,M,46-50
17679,M,36-45
16160,M,46-50
15573,M,18-25
14894,F,36-45
17434,F,36-45
15466,F,46-50
15511,F,26-35
17846,M,26-35
16189,F,46-50
15417,M,46-50
12995,M,26-35
14557,F,18-25
16108,F,46-50
17144,M,26-35
16924,M,18-25
15099,M,36-45
13323,M,26-35
14124,M,36-45
15975,M,46-50
15523,F,36-45
16878,M,26-35
15947,F,55+
13247,M,51-55
13566,M,55+
18194,M,18-25
16689,M,26-35
16438,F,18-25
13067,M,26-35
16460,F,26-35
13325,F,18-25
12640,F,26-35
13774,M,26-35
12497,M,36-45
12752,F,26-35
15504,F,26-35
15500,M,36-45
17557,M,36-45
13228,F,51-55
14356,M,26-35
13416,F,46-50
17628,M,55+
16527,M,26-35
16428,M,26-35
15341,M,46-50
16215,F,18-25
14164,F,26-35
15888,M,51-55
17564,M,26-35
13356,M,26-35
12390,M,26-35
18228,M,26-35
17415,M,51-55
13350,M,36-45
12550,M,18-25
16627,M,36-45
17475,M,46-50
14951,M,36-45
14780,M,36-45
14887,F,26-35
15399,M,46-50
17466,M,51-55
16379,M,36-45
17172,M,0-17
15239,M,36-45
16213,M,18-25
15603,M,18-25
14261,M,26-35
12657,M,26-35
15571,M,18-25
15484,M,26-35
12936,M,26-35
16236,F,46-50
16669,M,51-55
15398,M,26-35
12906,F,46-50
17079,M,36-45
14125,M,26-35
17163,M,51-55
12952,M,36-45
12579,F,36-45
13279,M,26-35
12425,F,55+
16715,M,26-35
13519,F,26-35
12546,M,26-35
15744,F,55+
13127,M,36-45
15714,M,26-35
17480,M,26-35
15763,M,26-35
15075,M,26-35
16978,M,18-25
14014,M,26-35
16240,M,51-55
13336,M,51-55
14652,M,26-35
15807,M,26-35
15762,M,18-25
15475,M,36-45
15978,F,26-35
16485,F,36-45
12488,M,55+
13083,M,46-50
16169,M,18-25
17506,F,36-45
16480,M,46-50
17006,M,36-45
17498,M,18-25
17131,M,26-35
13536,M,26-35
15429,M,36-45
17154,M,51-55
16594,M,0-17
16049,M,36-45
14757,M,26-35
16198,M,26-35
13670,M,26-35
18066,M,51-55
14806,M,26-35
12783,F,36-45
13429,M,46-50
15154,M,26-35
13390,M,46-50
12925,M,55+
13927,M,36-45
18205,M,26-35
14908,M,26-35
13639,M,51-55
15958,M,26-35
15492,M,26-35
15243,F,36-45
16468,M,26-35
15344,M,36-45
13866,M,36-45
12612,M,18-25
16999,M,26-35
13514,M,55+
13314,M,55+
17805,F,26-35
18278,F,0-17
13979,M,26-35
16181,M,26-35
15568,M,55+
16354,M,26-35
14412,F,26-35
16119,M,26-35
14109,M,26-35
16157,M,26-35
15348,M,36-45
16281,M,36-45
13924,M,18-25
14434,M,0-17
13061,M,18-25
17513,M,18-25
16909,M,51-55
16650,M,26-35
18192,F,26-35
17447,M,36-45
17427,M,36-45
15175,F,46-50
13960,M,26-35
17528,M,46-50
16361,M,36-45
13886,M,26-35
13354,M,36-45
15050,M,18-25
13503,M,26-35
16653,M,51-55
16574,M,26-35
13759,M,46-50
17813,M,18-25
12718,F,26-35
15949,M,26-35
12703,M,26-35
13364,M,51-55
16268,M,36-45
18053,M,55+
16101,M,36-45
15565,M,46-50
18217,M,26-35
13954,M,46-50
15593,F,46-50
13095,M,0-17
15287,M,51-55
13347,M,26-35
15185,M,26-35
16404,M,55+
16613,M,26-35
16591,M,36-45
15774,M,55+
13558,M,18-25
16930,F,51-55
16533,F,51-55
18059,F,36-45
14488,M,36-45
16747,M,26-35
14333,M,26-35
13635,M,51-55
17330,M,51-55
17321,M,55+
14815,M,51-55
15091,F,0-17
15088,F,51-55
15930,M,36-45
16183,M,46-50
13297,F,26-35
13801,M,55+
16881,M,36-45
17014,F,26-35
15255,F,26-35
14184,M,26-35
13351,F,46-50
15739,M,46-50
12512,M,55+
17957,M,36-45
15276,F,18-25
15127,F,36-45
16106,M,36-45
17666,M,46-50
13483,M,36-45
16478,F,36-45
17382,M,55+
12789,F,26-35
16020,M,26-35
17222,M,51-55
16803,M,26-35
13947,M,26-35
16758,F,55+
12719,M,51-55
17647,M,36-45
14054,M,46-50
12723,M,55+
18033,M,18-25
13845,M,36-45
15837,F,46-50
12628,M,18-25
13177,F,26-35
14317,M,46-50
16295,M,26-35
13602,M,36-45
16895,F,36-45
17295,M,36-45
13504,F,36-45
13422,M,55+
15264,M,26-35
16432,M,36-45
13816,M,26-35
14518,M,26-35
13882,M,18-25
15937,M,51-55
12923,M,36-45
17453,M,36-45
15766,F,46-50
15300,F,36-45
13348,F,46-50
14592,F,26-35
14792,F,36-45
17030,M,26-35
12420,M,51-55
14427,M,36-45
12519,F,51-55
13359,F,36-45
14138,M,36-45
15297,F,46-50
13876,M,51-55
12740,F,26-35
17086,M,26-35
13806,M,36-45
18096,M,51-55
13587,M,36-45
12856,M,36-45
13419,M,51-55
17509,M,55+
16900,M,51-55
13689,F,36-45
13755,M,26-35
16104,M,26-35
13259,F,18-25
16248,F,51-55
15612,M,46-50
15787,F,36-45
16595,M,46-50
13260,M,26-35
15821,M,51-55
18088,M,51-55
16685,M,26-35
13193,M,36-45
13212,M,26-35
14801,F,36-45
16380,F,36-45
16921,M,26-35
15193,M,46-50
14027,M,26-35
16179,M,55+
15473,F,46-50
17425,M,36-45
18169,M,46-50
18126,M,36-45
16688,M,46-50
16982,F,46-50
15330,F,46-50
17186,F,46-50
13685,M,36-45
16776,M,26-35
13980,M,36-45
13352,M,55+
15553,M,36-45
15886,M,51-55
17203,M,36-45
12607,M,36-45
17459,M,26-35
12772,F,26-35
16561,M,36-45
14121,M,26-35
12371,M,36-45
17119,M,26-35
17620,M,0-17
12824,M,18-25
14710,M,55+
16120,M,46-50
14624,F,18-25
16171,M,51-55
12536,M,26-35
13690,M,18-25
17934,F,46-50
14642,M,46-50
12602,M,26-35
16753,M,26-35
17737,M,26-35
13464,M,26-35
12667,M,51-55
12498,M,26-35
14537,F,26-35
17279,M,18-25
14251,M,26-35
12446,F,36-45
12631,M,26-35
14234,M,36-45
14975,M,26-35
13853,M,46-50
16773,F,51-55
16430,M,18-25
16793,M,26-35
18130,F,46-50
17614,M,36-45
13858,M,51-55
14856,F,26-35
14089,F,46-50
15478,M,36-45
16413,F,26-35
13810,M,51-55
16416,M,26-35
13006,M,36-45
17986,F,26-35
12454,M,18-25
14910,F,18-25
16243,M,26-35
13878,F,26-35
16934,M,36-45
15994,M,26-35
14547,M,26-35
16052,M,26-35
15113,F,26-35
12475,M,18-25
16542,F,18-25
18042,M,46-50
16563,M,18-25
17201,M,18-25
17520,M,26-35
13923,M,18-25
16412,M,26-35
17205,M,36-45
17534,M,51-55
15335,M,36-45
16737,F,36-45
15066,M,36-45
17206,M,18-25
17785,F,26-35
16932,M,36-45
16363,M,26-35
14830,M,36-45
17244,M,18-25
15355,M,36-45
15598,M,18-25
15637,M,51-55
16848,M,26-35
15678,F,18-25
14015,M,51-55
13594,M,18-25
15327,F,26-35
14861,F,26-35
14554,M,26-35
12611,M,18-25
14179,M,26-35
15604,F,26-35
14381,M,26-35
12572,M,26-35
16123,M,26-35
16851,M,26-35
17148,F,18-25
17549,M,46-50
17973,M,26-35
15610,M,26-35
15853,M,18-25
18019,M,51-55
14698,M,18-25
16826,F,18-25
17824,F,18-25
12522,M,18-25
15803,F,18-25
15006,M,26-35
17350,M,26-35
14799,M,26-35
15814,M,26-35
16260,M,18-25
14638,F,46-50
17354,M,26-35
13245,M,18-25
14923,M,18-25
16177,M,0-17
13366,M,26-35
16284,M,18-25
16846,M,18-25
14484,M,26-35
13897,F,51-55
14585,F,46-50
17125,M,26-35
15836,M,26-35
16313,M,18-25
13460,M,36-45
12403,M,46-50
14967,M,18-25
15286,M,26-35
17832,M,26-35
12646,F,26-35
16015,M,0-17
16311,M,26-35
15728,M,26-35
15740,F,36-45
13974,M,26-35
15677,M,26-35
15000,F,36-45
16017,M,51-55
13471,M,36-45
13598,M,36-45
18005,M,51-55
15427,M,55+
15022,F,26-35
17111,M,26-35
17836,M,18-25
14629,M,46-50
15592,M,26-35
15277,M,26-35
16491,M,26-35
15516,M,26-35
14764,F,26-35
16742,M,36-45
15142,M,26-35
17344,M,36-45
18240,F,36-45
17081,M,36-45
14474,F,26-35
14139,M,26-35
15844,M,26-35
13176,M,26-35
12398,F,26-35
15345,M,51-55
16708,M,18-25
15963,M,36-45
18045,F,51-55
13182,F,36-45
15158,F,46-50
13028,M,36-45
13978,M,26-35
16056,F,46-50
12812,M,36-45
16071,M,36-45
14539,M,18-25
14550,M,46-50
17712,M,26-35
14102,M,0-17
14598,M,51-55
15320,M,26-35
16415,M,26-35
12448,F,36-45
12827,F,26-35
16345,F,26-35
15993,M,26-35
17895,M,36-45
15948,M,26-35
15659,M,36-45
18154,M,18-25
12630,M,36-45
13363,M,18-25
18276,M,55+
17684,F,0-17
17878,M,46-50
14752,M,18-25
16847,M,46-50
14971,M,51-55
17545,M,51-55
16026,M,26-35
16513,M,51-55
12430,M,26-35
14357,M,51-55
16855,M,55+
16680,F,26-35
18035,M,51-55
16648,M,51-55
16164,M,18-25
14218,M,26-35
15096,M,26-35
18030,M,46-50
14416,M,36-45
17839,M,26-35
16601,M,55+
12912,M,18-25
13278,M,55+
14582,M,18-25
15748,F,18-25
16079,M,26-35
17590,M,51-55
15054,M,26-35
14158,M,36-45
15385,M,46-50
16506,M,26-35
13822,M,26-35
18067,M,26-35
16190,M,36-45
15444,F,36-45
13607,M,18-25
12581,M,26-35
15360,M,26-35
13103,M,18-25
15667,M,18-25
13651,M,18-25
12552,F,46-50
16127,M,26-35
12588,M,36-45
15977,F,26-35
13697,M,0-17
14345,M,36-45
17503,M,26-35
16830,M,55+
17495,M,26-35
12491,M,18-25
14485,M,26-35
13868,F,36-45
15423,F,18-25
17668,M,46-50
16971,M,26-35
16352,M,36-45
16884,M,26-35
15830,F,26-35
14216,M,36-45
15275,F,26-35
16790,M,36-45
15576,M,36-45
18105,M,18-25
18164,F,26-35
14974,M,26-35
17947,M,36-45
13318,F,0-17
18104,M,51-55
13271,M,26-35
17595,F,0-17
14528,F,26-35
17432,M,36-45
16337,M,26-35
14098,F,18-25
15551,F,55+
16347,M,26-35
13721,F,26-35
16322,M,51-55
17403,F,46-50
16914,M,36-45
16602,M,26-35
12544,M,36-45
13914,M,26-35
13467,F,18-25
17221,M,26-35
17078,M,18-25
13447,F,46-50
15010,M,36-45
18022,M,26-35
16318,F,18-25
17274,F,26-35
15597,F,36-45
17233,F,36-45
16887,M,26-35
13938,M,36-45
17084,M,36-45
14882,F,36-45
15017,M,26-35
12882,F,0-17
17387,M,26-35
13727,F,26-35
13532,F,26-35
16445,F,26-35
15156,F,18-25
16372,M,26-35
17608,M,26-35
12638,F,26-35
14174,M,26-35
14039,F,26-35
13040,F,18-25
15883,M,26-35
14664,M,26-35
15526,M,26-35
17831,M,26-35
15025,M,26-35
12357,M,26-35
17761,M,55+
15870,F,18-25
14080,F,26-35
17623,M,18-25
13673,M,26-35
14073,M,0-17
16070,M,51-55
13066,M,18-25
14929,M,18-25
13710,F,36-45
16732,M,26-35
14140,M,36-45
17219,M,26-35
16505,M,26-35
15957,M,26-35
18123,M,51-55
15043,F,51-55
17313,F,26-35
18216,M,36-45
17022,M,18-25
15153,M,55+
16759,M,26-35
16751,F,46-50
12893,F,26-35
14836,M,36-45
17011,M,36-45
12532,F,26-35
17038,M,26-35
14968,M,26-35
12504,F,26-35
16516,F,18-25
13522,M,46-50
15986,F,18-25
13992,M,26-35
14354,M,36-45
16986,M,36-45
16953,M,26-35
18274,M,36-45
15450,M,36-45
15531,M,36-45
17500,M,26-35
17197,M,55+
16025,M,36-45
12659,F,36-45
17461,F,18-25
17791,M,46-50
15463,M,51-55
17977,M,36-45
12617,M,55+
14863,M,36-45
16903,F,36-45
12508,M,26-35
17502,M,26-35
12538,M,36-45
17901,M,18-25
14789,M,36-45
18209,M,26-35
12985,M,18-25
15557,F,0-17
16433,F,46-50
15692,F,26-35
17052,M,18-25
16368,M,55+
18014,M,18-25
13732,M,18-25
13091,F,26-35
14661,F,18-25
13170,M,46-50
15654,M,26-35
13146,M,18-25
14788,F,18-25
13603,M,26-35
14382,M,0-17
16720,M,26-35
14904,M,46-50
14494,F,36-45
14902,M,26-35
16936,M,26-35
12938,M,51-55
15168,M,26-35
17538,M,46-50
18082,M,36-45
18117,F,36-45
15458,M,36-45
17566,M,36-45
16207,F,55+
12762,M,36-45
17793,F,36-45
14953,F,55+
16504,M,26-35
12374,M,51-55
15009,M,51-55
16423,M,26-35
15419,M,26-35
17510,M,18-25
15758,M,51-55
15524,M,46-50
14725,M,18-25
14666,M,36-45
14714,M,55+
17153,M,26-35
12950,F,26-35
15720,M,26-35
18181,M,55+
15556,M,51-55
17357,F,18-25
12890,M,51-55
13449,M,18-25
15269,M,46-50
14385,M,46-50
15900,F,26-35
17680,M,51-55
13926,M,55+
16204,F,55+
17896,M,55+
17835,M,36-45
15432,F,51-55
18006,M,36-45
15657,M,18-25
17237,F,26-35
13160,M,55+
12847,M,0-17
17397,F,36-45
17985,M,36-45
14362,M,26-35
13828,M,26-35
15435,F,36-45
12445,F,26-35
12603,M,55+
14641,M,46-50
12618,M,46-50
15621,F,26-35
12391,M,26-35
18034,M,46-50
17286,M,26-35
17904,F,51-55
17301,M,46-50
15368,M,26-35
14793,F,36-45
17650,F,26-35
12702,M,46-50
14881,M,0-17
16784,M,36-45
14052,M,36-45
18110,F,26-35
17561,M,18-25
15988,F,51-55
17523,F,26-35
14950,F,36-45
16666,M,46-50
14860,M,36-45
17636,F,36-45
13832,M,26-35
13142,F,18-25
16366,M,18-25
14300,M,26-35
12349,M,55+
12658,F,26-35
12795,F,36-45
15567,M,26-35
15645,M,0-17
16406,M,36-45
15857,F,51-55
12984,M,18-25
17253,M,36-45
13739,M,18-25
18139,F,36-45
15274,M,18-25
17010,F,51-55
15115,M,26-35
17100,M,36-45
15699,M,51-55
13403,M,18-25
16956,F,36-45
17600,M,18-25
15877,M,26-35
14424,M,46-50
13322,M,36-45
17297,F,18-25
13986,M,26-35
12920,M,0-17
18249,F,26-35
15634,M,26-35
16376,M,36-45
16811,F,46-50
12452,F,46-50
14581,M,26-35
14675,M,46-50
17290,F,46-50
16343,M,26-35
13638,F,36-45
16482,M,55+
12784,F,26-35
17458,F,26-35
14785,M,26-35
17254,F,36-45
17767,F,18-25
15725,M,36-45
17247,M,26-35
18184,F,51-55
15428,M,26-35
17727,M,26-35
14756,M,26-35
16856,M,26-35
14703,F,18-25
17385,M,26-35
12531,M,26-35
15872,M,26-35
14966,F,26-35
17232,F,36-45
17468,M,55+
13332,M,26-35
14946,M,36-45
13256,F,46-50
13596,F,36-45
16024,M,55+
14954,F,26-35
17885,M,36-45
14093,M,26-35
14893,M,51-55
15721,M,26-35
17852,F,46-50
13844,M,46-50
12479,M,46-50
12660,F,0-17
15540,M,36-45
17379,F,36-45
16800,M,18-25
17806,F,55+
17359,M,18-25
13188,F,26-35
14480,M,36-45
13349,M,26-35
15619,M,26-35
15148,M,36-45
14601,F,26-35
15783,M,36-45
17772,M,36-45
14126,M,26-35
16479,M,26-35
13428,M,26-35
15790,M,36-45
13521,M,36-45
14349,M,51-55
18058,F,46-50
12953,M,51-55
12966,F,51-55
15060,M,36-45
17911,F,36-45
14804,F,26-35
15904,F,51-55
16789,F,26-35
12558,F,26-35
17942,M,26-35
12587,M,18-25
13560,M,46-50
15539,F,18-25
13017,M,36-45
18174,F,26-35
13153,M,18-25
15773,M,46-50
17936,F,36-45
16535,M,0-17
16988,M,46-50
15097,F,26-35
18015,M,46-50
16597,M,51-55
13790,M,51-55
14219,M,26-35
12367,F,26-35
17383,M,36-45
12478,M,36-45
15992,M,26-35
15318,F,51-55
17914,M,46-50
16528,F,51-55
12442,M,51-55
16569,M,51-55
12650,F,36-45
14578,M,36-45
16000,M,46-50
15195,M,18-25
14087,M,26-35
14204,F,36-45
15471,F,26-35
13436,M,36-45
15520,M,46-50
13298,M,36-45
14569,M,26-35
12713,M,18-25